Date                                    , Status                                  , ProjName                                , BoardDefShortName                       , BoardDefName                            , SynthName                               , ImplName                                , SynthInfo                               , SynthWarnings                           , SynthCritWarnings                       , SynthError                              , ImplInfo                                , ImplWarnings                            , ImplCritWarnings                        , ImplError                               , ImplDRCWarnings                         , ImplDRCError                            , ImplTimingWNS                           , ImplTimingFaildEndpoints                , ImplTimingTNS                           ,
2021-09-22T09:36:43                     , Error                                   , zbzerodemo1                             , 10_512MB                                , trenz.biz:te0727_10_1c:part0:1.0        , synth_1                                 , impl_1                                  , 190                                     , 1                                       , 0                                       , 0                                       , 29                                      , 13                                      , 2                                       , 3                                       , 13                                      ,  2                                      , -4.583                                  , 209                                     , -876.511                                ,
2021-09-22T12:06:32                     , Error                                   , zbzerodemo1                             , 10_512MB                                , trenz.biz:te0727_10_1c:part0:1.0        , synth_1                                 , impl_1                                  , 191                                     , 1                                       , 0                                       , 0                                       , 31                                      , 13                                      , 2                                       , 0                                       , 13                                      ,  0                                      , -4.529                                  , 214                                     , -892.539                                ,
2021-09-23T22:00:03                     , Error                                   , zbzerodemo1                             , 10_512MB                                , trenz.biz:te0727_10_1c:part0:1.0        , synth_1                                 , impl_1                                  , 191                                     , 1                                       , 0                                       , 0                                       , 31                                      , 13                                      , 2                                       , 0                                       , 13                                      ,  0                                      , -4.529                                  , 214                                     , -892.539                                ,
2021-09-23T22:00:03                     , Error                                   , zbzerodemo1                             , 10_512MB                                , trenz.biz:te0727_10_1c:part0:1.0        , synth_1                                 , impl_1                                  , 191                                     , 1                                       , 0                                       , 0                                       , 31                                      , 13                                      , 2                                       , 0                                       , 13                                      ,  0                                      , -4.529                                  , 214                                     , -892.539                                ,
2021-09-23T22:00:03                     , Error                                   , zbzerodemo1                             , 10_512MB                                , trenz.biz:te0727_10_1c:part0:1.0        , synth_1                                 , impl_1                                  , 191                                     , 1                                       , 0                                       , 0                                       , 31                                      , 13                                      , 2                                       , 0                                       , 13                                      ,  0                                      , -4.529                                  , 214                                     , -892.539                                ,
2021-09-23T22:00:03                     , Error                                   , zbzerodemo1                             , 10_512MB                                , trenz.biz:te0727_10_1c:part0:1.0        , synth_1                                 , impl_1                                  , 191                                     , 1                                       , 0                                       , 0                                       , 31                                      , 13                                      , 2                                       , 0                                       , 13                                      ,  0                                      , -4.529                                  , 214                                     , -892.539                                ,
2021-09-23T22:00:03                     , Error                                   , zbzerodemo1                             , 10_512MB                                , trenz.biz:te0727_10_1c:part0:1.0        , synth_1                                 , impl_1                                  , 191                                     , 1                                       , 0                                       , 0                                       , 31                                      , 13                                      , 2                                       , 0                                       , 13                                      ,  0                                      , -4.529                                  , 214                                     , -892.539                                ,
2021-09-23T22:00:03                     , Error                                   , zbzerodemo1                             , 10_512MB                                , trenz.biz:te0727_10_1c:part0:1.0        , synth_1                                 , impl_1                                  , 191                                     , 1                                       , 0                                       , 0                                       , 31                                      , 13                                      , 2                                       , 0                                       , 13                                      ,  0                                      , -4.529                                  , 214                                     , -892.539                                ,
2021-09-23T22:00:03                     , Error                                   , zbzerodemo1                             , 10_512MB                                , trenz.biz:te0727_10_1c:part0:1.0        , synth_1                                 , impl_1                                  , 191                                     , 1                                       , 0                                       , 0                                       , 31                                      , 13                                      , 2                                       , 0                                       , 13                                      ,  0                                      , -4.529                                  , 214                                     , -892.539                                ,
2021-09-23T22:00:03                     , Error                                   , zbzerodemo1                             , 10_512MB                                , trenz.biz:te0727_10_1c:part0:1.0        , synth_1                                 , impl_1                                  , 191                                     , 1                                       , 0                                       , 0                                       , 31                                      , 13                                      , 2                                       , 0                                       , 13                                      ,  0                                      , -4.529                                  , 214                                     , -892.539                                ,
2021-09-23T22:00:03                     , Error                                   , zbzerodemo1                             , 10_512MB                                , trenz.biz:te0727_10_1c:part0:1.0        , synth_1                                 , impl_1                                  , 191                                     , 1                                       , 0                                       , 0                                       , 31                                      , 13                                      , 2                                       , 0                                       , 13                                      ,  0                                      , -4.529                                  , 214                                     , -892.539                                ,
2021-09-23T22:00:03                     , Error                                   , zbzerodemo1                             , 10_512MB                                , trenz.biz:te0727_10_1c:part0:1.0        , synth_1                                 , impl_1                                  , 191                                     , 1                                       , 0                                       , 0                                       , 31                                      , 13                                      , 2                                       , 0                                       , 13                                      ,  0                                      , -4.529                                  , 214                                     , -892.539                                ,
2021-09-23T22:00:03                     , Error                                   , zbzerodemo1                             , 10_512MB                                , trenz.biz:te0727_10_1c:part0:1.0        , synth_1                                 , impl_1                                  , 191                                     , 1                                       , 0                                       , 0                                       , 31                                      , 13                                      , 2                                       , 0                                       , 13                                      ,  0                                      , -4.529                                  , 214                                     , -892.539                                ,
2021-10-04T09:42:57                     , Error                                   , zbzerodemo1                             , 10_512MB                                , trenz.biz:te0727_10_1c:part0:1.0        , synth_1                                 , impl_1                                  , 191                                     , 1                                       , 0                                       , 0                                       , 31                                      , 13                                      , 2                                       , 0                                       , 13                                      ,  0                                      , -4.529                                  , 214                                     , -892.539                                ,
2021-10-04T09:42:57                     , Error                                   , zbzerodemo1                             , 10_512MB                                , trenz.biz:te0727_10_1c:part0:1.0        , synth_1                                 , impl_1                                  , 191                                     , 1                                       , 0                                       , 0                                       , 31                                      , 13                                      , 2                                       , 0                                       , 13                                      ,  0                                      , -4.529                                  , 214                                     , -892.539                                ,
2021-10-04T09:42:57                     , Error                                   , zbzerodemo1                             , 10_512MB                                , trenz.biz:te0727_10_1c:part0:1.0        , synth_1                                 , impl_1                                  , 191                                     , 1                                       , 0                                       , 0                                       , 31                                      , 13                                      , 2                                       , 0                                       , 13                                      ,  0                                      , -4.529                                  , 214                                     , -892.539                                ,
2021-10-04T09:42:57                     , Error                                   , zbzerodemo1                             , 10_512MB                                , trenz.biz:te0727_10_1c:part0:1.0        , synth_1                                 , impl_1                                  , 191                                     , 1                                       , 0                                       , 0                                       , 31                                      , 13                                      , 2                                       , 0                                       , 13                                      ,  0                                      , -4.529                                  , 214                                     , -892.539                                ,
2021-10-04T09:42:57                     , Error                                   , zbzerodemo1                             , 10_512MB                                , trenz.biz:te0727_10_1c:part0:1.0        , synth_1                                 , impl_1                                  , 191                                     , 1                                       , 0                                       , 0                                       , 31                                      , 13                                      , 2                                       , 0                                       , 13                                      ,  0                                      , -4.529                                  , 214                                     , -892.539                                ,
2021-10-04T09:42:57                     , Error                                   , zbzerodemo1                             , 10_512MB                                , trenz.biz:te0727_10_1c:part0:1.0        , synth_1                                 , impl_1                                  , 191                                     , 1                                       , 0                                       , 0                                       , 31                                      , 13                                      , 2                                       , 0                                       , 13                                      ,  0                                      , -4.529                                  , 214                                     , -892.539                                ,
2021-10-04T09:42:57                     , Error                                   , zbzerodemo1                             , 10_512MB                                , trenz.biz:te0727_10_1c:part0:1.0        , synth_1                                 , impl_1                                  , 191                                     , 1                                       , 0                                       , 0                                       , 31                                      , 13                                      , 2                                       , 0                                       , 13                                      ,  0                                      , -4.529                                  , 214                                     , -892.539                                ,
2021-10-04T09:42:57                     , Error                                   , zbzerodemo1                             , 10_512MB                                , trenz.biz:te0727_10_1c:part0:1.0        , synth_1                                 , impl_1                                  , 191                                     , 1                                       , 0                                       , 0                                       , 31                                      , 13                                      , 2                                       , 0                                       , 13                                      ,  0                                      , -4.529                                  , 214                                     , -892.539                                ,
2021-10-04T09:42:57                     , Error                                   , zbzerodemo1                             , 10_512MB                                , trenz.biz:te0727_10_1c:part0:1.0        , synth_1                                 , impl_1                                  , 191                                     , 1                                       , 0                                       , 0                                       , 31                                      , 13                                      , 2                                       , 0                                       , 13                                      ,  0                                      , -4.529                                  , 214                                     , -892.539                                ,
2021-10-04T09:42:57                     , Error                                   , zbzerodemo1                             , 10_512MB                                , trenz.biz:te0727_10_1c:part0:1.0        , synth_1                                 , impl_1                                  , 191                                     , 1                                       , 0                                       , 0                                       , 31                                      , 13                                      , 2                                       , 0                                       , 13                                      ,  0                                      , -4.529                                  , 214                                     , -892.539                                ,
2021-10-04T09:42:57                     , Error                                   , zbzerodemo1                             , 10_512MB                                , trenz.biz:te0727_10_1c:part0:1.0        , synth_1                                 , impl_1                                  , 191                                     , 1                                       , 0                                       , 0                                       , 31                                      , 13                                      , 2                                       , 0                                       , 13                                      ,  0                                      , -4.529                                  , 214                                     , -892.539                                ,
2021-10-04T09:42:57                     , Error                                   , zbzerodemo1                             , 10_512MB                                , trenz.biz:te0727_10_1c:part0:1.0        , synth_1                                 , impl_1                                  , 191                                     , 1                                       , 0                                       , 0                                       , 31                                      , 13                                      , 2                                       , 0                                       , 13                                      ,  0                                      , -4.529                                  , 214                                     , -892.539                                ,
2021-10-04T09:42:57                     , Error                                   , zbzerodemo1                             , 10_512MB                                , trenz.biz:te0727_10_1c:part0:1.0        , synth_1                                 , impl_1                                  , 191                                     , 1                                       , 0                                       , 0                                       , 31                                      , 13                                      , 2                                       , 0                                       , 13                                      ,  0                                      , -4.529                                  , 214                                     , -892.539                                ,
2021-10-04T09:42:57                     , Error                                   , zbzerodemo1                             , 10_512MB                                , trenz.biz:te0727_10_1c:part0:1.0        , synth_1                                 , impl_1                                  , 191                                     , 1                                       , 0                                       , 0                                       , 31                                      , 13                                      , 2                                       , 0                                       , 13                                      ,  0                                      , -4.529                                  , 214                                     , -892.539                                ,
2021-10-04T09:42:57                     , Error                                   , zbzerodemo1                             , 10_512MB                                , trenz.biz:te0727_10_1c:part0:1.0        , synth_1                                 , impl_1                                  , 191                                     , 1                                       , 0                                       , 0                                       , 31                                      , 13                                      , 2                                       , 0                                       , 13                                      ,  0                                      , -4.529                                  , 214                                     , -892.539                                ,
2021-10-04T09:42:57                     , Error                                   , zbzerodemo1                             , 10_512MB                                , trenz.biz:te0727_10_1c:part0:1.0        , synth_1                                 , impl_1                                  , 191                                     , 1                                       , 0                                       , 0                                       , 31                                      , 13                                      , 2                                       , 0                                       , 13                                      ,  0                                      , -4.529                                  , 214                                     , -892.539                                ,
2021-10-04T09:42:57                     , Error                                   , zbzerodemo1                             , 10_512MB                                , trenz.biz:te0727_10_1c:part0:1.0        , synth_1                                 , impl_1                                  , 191                                     , 1                                       , 0                                       , 0                                       , 31                                      , 13                                      , 2                                       , 0                                       , 13                                      ,  0                                      , -4.529                                  , 214                                     , -892.539                                ,
2021-10-06T12:00:19                     , Error                                   , zbzerodemo1                             , 10_512MB                                , trenz.biz:te0727_10_1c:part0:1.0        , synth_1                                 , impl_1                                  , 191                                     , 1                                       , 0                                       , 0                                       , 31                                      , 13                                      , 2                                       , 0                                       , 13                                      ,  0                                      , -4.529                                  , 214                                     , -892.539                                ,
2022-12-17T13:04:19                     , Error                                   , ZynqBerry                               , 10_512MB                                , trenz.biz:te0727_10_1c:part0:1.0        , synth_1                                 , impl_1                                  , 87                                      , 12                                      , 4                                       , 0                                       , 52                                      , 3                                       , 4                                       , 0                                       , 1                                       ,  0                                      , -4.899                                  , 1316                                    , -2583.600                               ,
